{
  "id": "I148:794;293:2170;293:1084",
  "name": "Navigation Components",
  "type": "FRAME",
  "scrollBehavior": "SCROLLS",
  "boundVariables": {
    "fills": [
      {
        "type": "VARIABLE_ALIAS",
        "id": "VariableID:127:249"
      }
    ],
    "strokes": [
      {
        "type": "VARIABLE_ALIAS",
        "id": "VariableID:127:233"
      }
    ]
  },
  "children": [
    {
      "id": "I148:794;293:2170;293:1085",
      "name": "Icons",
      "type": "INSTANCE",
      "scrollBehavior": "SCROLLS",
      "componentId": "288:2658",
      "componentProperties": {
        "Property 1": {
          "value": "Pointer",
          "type": "VARIANT",
          "boundVariables": {}
        }
      },
      "overrides": [],
      "children": [
        {
          "id": "I148:794;293:2170;293:1085;288:2656",
          "name": "Vector",
          "type": "VECTOR",
          "scrollBehavior": "SCROLLS",
          "blendMode": "PASS_THROUGH",
          "fills": [
            {
              "blendMode": "NORMAL",
              "type": "SOLID",
              "color": {
                "r": 1,
                "g": 1,
                "b": 1,
                "a": 1
              }
            }
          ],
          "strokes": [
            {
              "blendMode": "NORMAL",
              "type": "SOLID",
              "color": {
                "r": 0,
                "g": 0,
                "b": 0,
                "a": 1
              }
            }
          ],
          "strokeWeight": 2,
          "strokeAlign": "CENTER",
          "strokeJoin": "ROUND",
          "strokeCap": "ROUND",
          "absoluteBoundingBox": {
            "x": 3889,
            "y": 14796,
            "width": 15.997533798217773,
            "height": 15.997533798217773
          },
          "absoluteRenderBounds": null,
          "constraints": {
            "vertical": "SCALE",
            "horizontal": "SCALE"
          },
          "effects": [
            {
              "type": "DROP_SHADOW",
              "visible": true,
              "color": {
                "r": 0,
                "g": 0,
                "b": 0,
                "a": 0.25
              },
              "blendMode": "NORMAL",
              "offset": {
                "x": 0,
                "y": 2
              },
              "radius": 4,
              "showShadowBehindNode": false
            }
          ],
          "interactions": []
        }
      ],
      "blendMode": "PASS_THROUGH",
      "clipsContent": false,
      "background": [
        {
          "blendMode": "NORMAL",
          "visible": false,
          "type": "SOLID",
          "color": {
            "r": 1,
            "g": 1,
            "b": 1,
            "a": 1
          }
        }
      ],
      "fills": [
        {
          "blendMode": "NORMAL",
          "visible": false,
          "type": "SOLID",
          "color": {
            "r": 1,
            "g": 1,
            "b": 1,
            "a": 1
          }
        }
      ],
      "strokes": [],
      "strokeWeight": 1,
      "strokeAlign": "INSIDE",
      "backgroundColor": {
        "r": 0,
        "g": 0,
        "b": 0,
        "a": 0
      },
      "absoluteBoundingBox": {
        "x": 3885,
        "y": 14792,
        "width": 24,
        "height": 24
      },
      "absoluteRenderBounds": null,
      "targetAspectRatio": {
        "x": 24,
        "y": 24
      },
      "constraints": {
        "vertical": "TOP",
        "horizontal": "LEFT"
      },
      "layoutAlign": "INHERIT",
      "layoutGrow": 0,
      "layoutSizingHorizontal": "FIXED",
      "layoutSizingVertical": "FIXED",
      "effects": [],
      "interactions": []
    },
    {
      "id": "I148:794;293:2170;293:1086",
      "name": "Icons",
      "type": "INSTANCE",
      "scrollBehavior": "SCROLLS",
      "componentId": "137:216",
      "componentProperties": {
        "Property 1": {
          "value": "arrow-drop-down",
          "type": "VARIANT",
          "boundVariables": {}
        }
      },
      "overrides": [],
      "children": [
        {
          "id": "I148:794;293:2170;293:1086;137:212",
          "name": "Vector",
          "type": "VECTOR",
          "scrollBehavior": "SCROLLS",
          "boundVariables": {
            "fills": [
              {
                "type": "VARIABLE_ALIAS",
                "id": "VariableID:127:231"
              }
            ]
          },
          "blendMode": "PASS_THROUGH",
          "fills": [
            {
              "blendMode": "NORMAL",
              "type": "SOLID",
              "color": {
                "r": 0.3333333432674408,
                "g": 0.3333333432674408,
                "b": 0.3333333432674408,
                "a": 1
              },
              "boundVariables": {
                "color": {
                  "type": "VARIABLE_ALIAS",
                  "id": "VariableID:127:231"
                }
              }
            }
          ],
          "strokes": [],
          "strokeWeight": 1,
          "strokeAlign": "INSIDE",
          "absoluteBoundingBox": {
            "x": 3918,
            "y": 14802,
            "width": 10,
            "height": 5
          },
          "absoluteRenderBounds": null,
          "constraints": {
            "vertical": "SCALE",
            "horizontal": "SCALE"
          },
          "effects": [],
          "interactions": []
        }
      ],
      "blendMode": "PASS_THROUGH",
      "opacity": 0.5,
      "clipsContent": true,
      "background": [],
      "fills": [],
      "strokes": [],
      "strokeWeight": 1,
      "strokeAlign": "INSIDE",
      "backgroundColor": {
        "r": 0,
        "g": 0,
        "b": 0,
        "a": 0
      },
      "absoluteBoundingBox": {
        "x": 3911,
        "y": 14792,
        "width": 24,
        "height": 24
      },
      "absoluteRenderBounds": null,
      "constraints": {
        "vertical": "TOP",
        "horizontal": "LEFT"
      },
      "layoutAlign": "INHERIT",
      "layoutGrow": 0,
      "layoutSizingHorizontal": "FIXED",
      "layoutSizingVertical": "FIXED",
      "effects": [],
      "interactions": []
    }
  ],
  "blendMode": "PASS_THROUGH",
  "clipsContent": false,
  "background": [
    {
      "blendMode": "NORMAL",
      "type": "SOLID",
      "color": {
        "r": 1,
        "g": 1,
        "b": 1,
        "a": 1
      },
      "boundVariables": {
        "color": {
          "type": "VARIABLE_ALIAS",
          "id": "VariableID:127:249"
        }
      }
    }
  ],
  "fills": [
    {
      "blendMode": "NORMAL",
      "type": "SOLID",
      "color": {
        "r": 1,
        "g": 1,
        "b": 1,
        "a": 1
      },
      "boundVariables": {
        "color": {
          "type": "VARIABLE_ALIAS",
          "id": "VariableID:127:249"
        }
      }
    }
  ],
  "strokes": [
    {
      "blendMode": "NORMAL",
      "type": "SOLID",
      "color": {
        "r": 0.8980392217636108,
        "g": 0.8980392217636108,
        "b": 0.8980392217636108,
        "a": 1
      },
      "boundVariables": {
        "color": {
          "type": "VARIABLE_ALIAS",
          "id": "VariableID:127:233"
        }
      }
    }
  ],
  "cornerRadius": 4,
  "cornerSmoothing": 0,
  "strokeWeight": 1,
  "strokeAlign": "OUTSIDE",
  "backgroundColor": {
    "r": 1,
    "g": 1,
    "b": 1,
    "a": 1
  },
  "layoutMode": "HORIZONTAL",
  "itemSpacing": 2,
  "counterAxisAlignItems": "CENTER",
  "paddingLeft": 2,
  "paddingRight": 2,
  "paddingTop": 2,
  "paddingBottom": 2,
  "layoutWrap": "NO_WRAP",
  "absoluteBoundingBox": {
    "x": 3883,
    "y": 14790,
    "width": 54,
    "height": 28
  },
  "absoluteRenderBounds": null,
  "constraints": {
    "vertical": "TOP",
    "horizontal": "LEFT"
  },
  "layoutAlign": "INHERIT",
  "layoutGrow": 0,
  "layoutSizingHorizontal": "HUG",
  "layoutSizingVertical": "HUG",
  "effects": [],
  "interactions": []
}