{
  "id": "148:785",
  "name": "Breadcumbs",
  "type": "FRAME",
  "scrollBehavior": "SCROLLS",
  "boundVariables": {
    "fills": [
      {
        "type": "VARIABLE_ALIAS",
        "id": "VariableID:127:249"
      }
    ]
  },
  "children": [
    {
      "id": "148:786",
      "name": "Nav items",
      "type": "INSTANCE",
      "scrollBehavior": "SCROLLS",
      "boundVariables": {
        "fills": [
          {
            "type": "VARIABLE_ALIAS",
            "id": "VariableID:127:249"
          }
        ]
      },
      "componentId": "135:206",
      "componentProperties": {
        "Property 1": {
          "value": "Active",
          "type": "VARIANT",
          "boundVariables": {}
        }
      },
      "overrides": [
        {
          "id": "148:786",
          "overriddenFields": [
            "topRightRadius",
            "bottomRightRadius",
            "height",
            "width",
            "primaryAxisSizingMode"
          ]
        },
        {
          "id": "I148:786;135:207",
          "overriddenFields": [
            "maxLines",
            "textAutoResize",
            "lineIndentations",
            "lineTypes",
            "characterStyleOverrides",
            "styleOverrideTable",
            "characters",
            "layoutGrow"
          ]
        }
      ],
      "children": [
        {
          "id": "I148:786;135:207",
          "name": "Item",
          "type": "TEXT",
          "scrollBehavior": "SCROLLS",
          "blendMode": "PASS_THROUGH",
          "fills": [
            {
              "blendMode": "NORMAL",
              "type": "SOLID",
              "color": {
                "r": 0,
                "g": 0,
                "b": 0,
                "a": 1
              }
            }
          ],
          "strokes": [],
          "strokeWeight": 1,
          "strokeAlign": "OUTSIDE",
          "absoluteBoundingBox": {
            "x": 3055,
            "y": 14998,
            "width": 220,
            "height": 24
          },
          "absoluteRenderBounds": null,
          "constraints": {
            "vertical": "TOP",
            "horizontal": "LEFT"
          },
          "layoutAlign": "INHERIT",
          "layoutGrow": 0,
          "maxWidth": 220,
          "layoutSizingHorizontal": "HUG",
          "layoutSizingVertical": "HUG",
          "characters": "Figma-file-name-here-figma-file-name-here",
          "characterStyleOverrides": [],
          "styleOverrideTable": {},
          "lineTypes": [
            "NONE"
          ],
          "lineIndentations": [
            0
          ],
          "style": {
            "fontFamily": "Inter",
            "fontPostScriptName": null,
            "fontStyle": "Regular",
            "fontWeight": 400,
            "textAutoResize": "WIDTH_AND_HEIGHT",
            "textTruncation": "ENDING",
            "maxLines": 1,
            "fontSize": 14,
            "textAlignHorizontal": "LEFT",
            "textAlignVertical": "CENTER",
            "letterSpacing": 0,
            "lineHeightPx": 24,
            "lineHeightPercent": 141.64990234375,
            "lineHeightPercentFontSize": 171.42857360839844,
            "lineHeightUnit": "PIXELS"
          },
          "layoutVersion": 4,
          "effects": [],
          "interactions": []
        }
      ],
      "blendMode": "PASS_THROUGH",
      "clipsContent": false,
      "background": [
        {
          "blendMode": "NORMAL",
          "type": "SOLID",
          "color": {
            "r": 1,
            "g": 1,
            "b": 1,
            "a": 1
          },
          "boundVariables": {
            "color": {
              "type": "VARIABLE_ALIAS",
              "id": "VariableID:127:249"
            }
          }
        }
      ],
      "fills": [
        {
          "blendMode": "NORMAL",
          "type": "SOLID",
          "color": {
            "r": 1,
            "g": 1,
            "b": 1,
            "a": 1
          },
          "boundVariables": {
            "color": {
              "type": "VARIABLE_ALIAS",
              "id": "VariableID:127:249"
            }
          }
        }
      ],
      "strokes": [],
      "rectangleCornerRadii": [
        4,
        0,
        0,
        4
      ],
      "cornerSmoothing": 0,
      "strokeWeight": 1,
      "strokeAlign": "INSIDE",
      "backgroundColor": {
        "r": 1,
        "g": 1,
        "b": 1,
        "a": 1
      },
      "layoutMode": "HORIZONTAL",
      "itemSpacing": 8,
      "counterAxisAlignItems": "CENTER",
      "primaryAxisAlignItems": "CENTER",
      "paddingLeft": 8,
      "paddingRight": 8,
      "layoutWrap": "NO_WRAP",
      "absoluteBoundingBox": {
        "x": 3047,
        "y": 14998,
        "width": 236,
        "height": 24
      },
      "absoluteRenderBounds": null,
      "constraints": {
        "vertical": "TOP",
        "horizontal": "LEFT"
      },
      "layoutAlign": "INHERIT",
      "layoutGrow": 0,
      "layoutSizingHorizontal": "HUG",
      "layoutSizingVertical": "HUG",
      "effects": [],
      "interactions": [
        {
          "trigger": {
            "type": "ON_CLICK"
          },
          "actions": []
        }
      ]
    },
    {
      "id": "148:787",
      "name": "Navigation Items",
      "type": "INSTANCE",
      "scrollBehavior": "SCROLLS",
      "boundVariables": {
        "fills": [
          {
            "type": "VARIABLE_ALIAS",
            "id": "VariableID:127:249"
          }
        ]
      },
      "componentId": "137:230",
      "overrides": [
        {
          "id": "148:787",
          "overriddenFields": [
            "bottomLeftRadius",
            "topLeftRadius",
            "height",
            "width"
          ]
        }
      ],
      "children": [
        {
          "id": "I148:787;137:220",
          "name": "Icons",
          "type": "INSTANCE",
          "scrollBehavior": "SCROLLS",
          "componentId": "137:216",
          "componentProperties": {
            "Property 1": {
              "value": "arrow-drop-down",
              "type": "VARIANT",
              "boundVariables": {}
            }
          },
          "overrides": [],
          "children": [
            {
              "id": "I148:787;137:220;137:212",
              "name": "Vector",
              "type": "VECTOR",
              "scrollBehavior": "SCROLLS",
              "boundVariables": {
                "fills": [
                  {
                    "type": "VARIABLE_ALIAS",
                    "id": "VariableID:127:231"
                  }
                ]
              },
              "blendMode": "PASS_THROUGH",
              "fills": [
                {
                  "blendMode": "NORMAL",
                  "type": "SOLID",
                  "color": {
                    "r": 0.3333333432674408,
                    "g": 0.3333333432674408,
                    "b": 0.3333333432674408,
                    "a": 1
                  },
                  "boundVariables": {
                    "color": {
                      "type": "VARIABLE_ALIAS",
                      "id": "VariableID:127:231"
                    }
                  }
                }
              ],
              "strokes": [],
              "strokeWeight": 1,
              "strokeAlign": "INSIDE",
              "absoluteBoundingBox": {
                "x": 3290,
                "y": 15008,
                "width": 10,
                "height": 5
              },
              "absoluteRenderBounds": null,
              "constraints": {
                "vertical": "SCALE",
                "horizontal": "SCALE"
              },
              "effects": [],
              "interactions": []
            }
          ],
          "blendMode": "PASS_THROUGH",
          "opacity": 0.5,
          "clipsContent": true,
          "background": [],
          "fills": [],
          "strokes": [],
          "strokeWeight": 1,
          "strokeAlign": "INSIDE",
          "backgroundColor": {
            "r": 0,
            "g": 0,
            "b": 0,
            "a": 0
          },
          "absoluteBoundingBox": {
            "x": 3283,
            "y": 14998,
            "width": 24,
            "height": 24
          },
          "absoluteRenderBounds": null,
          "constraints": {
            "vertical": "SCALE",
            "horizontal": "SCALE"
          },
          "effects": [],
          "interactions": []
        }
      ],
      "blendMode": "PASS_THROUGH",
      "clipsContent": false,
      "background": [
        {
          "blendMode": "NORMAL",
          "type": "SOLID",
          "color": {
            "r": 1,
            "g": 1,
            "b": 1,
            "a": 1
          },
          "boundVariables": {
            "color": {
              "type": "VARIABLE_ALIAS",
              "id": "VariableID:127:249"
            }
          }
        }
      ],
      "fills": [
        {
          "blendMode": "NORMAL",
          "type": "SOLID",
          "color": {
            "r": 1,
            "g": 1,
            "b": 1,
            "a": 1
          },
          "boundVariables": {
            "color": {
              "type": "VARIABLE_ALIAS",
              "id": "VariableID:127:249"
            }
          }
        }
      ],
      "strokes": [],
      "rectangleCornerRadii": [
        0,
        4,
        4,
        0
      ],
      "cornerSmoothing": 0,
      "strokeWeight": 1,
      "strokeAlign": "INSIDE",
      "backgroundColor": {
        "r": 1,
        "g": 1,
        "b": 1,
        "a": 1
      },
      "absoluteBoundingBox": {
        "x": 3283,
        "y": 14998,
        "width": 24,
        "height": 24
      },
      "absoluteRenderBounds": null,
      "targetAspectRatio": {
        "x": 20,
        "y": 20
      },
      "constraints": {
        "vertical": "TOP",
        "horizontal": "LEFT"
      },
      "layoutAlign": "INHERIT",
      "layoutGrow": 0,
      "layoutSizingHorizontal": "FIXED",
      "layoutSizingVertical": "FIXED",
      "effects": [],
      "interactions": []
    }
  ],
  "blendMode": "PASS_THROUGH",
  "clipsContent": false,
  "background": [
    {
      "blendMode": "NORMAL",
      "type": "SOLID",
      "color": {
        "r": 1,
        "g": 1,
        "b": 1,
        "a": 1
      },
      "boundVariables": {
        "color": {
          "type": "VARIABLE_ALIAS",
          "id": "VariableID:127:249"
        }
      }
    }
  ],
  "fills": [
    {
      "blendMode": "NORMAL",
      "type": "SOLID",
      "color": {
        "r": 1,
        "g": 1,
        "b": 1,
        "a": 1
      },
      "boundVariables": {
        "color": {
          "type": "VARIABLE_ALIAS",
          "id": "VariableID:127:249"
        }
      }
    }
  ],
  "strokes": [],
  "cornerRadius": 4,
  "cornerSmoothing": 0,
  "strokeWeight": 1,
  "strokeAlign": "INSIDE",
  "backgroundColor": {
    "r": 1,
    "g": 1,
    "b": 1,
    "a": 1
  },
  "layoutMode": "HORIZONTAL",
  "primaryAxisSizingMode": "FIXED",
  "counterAxisAlignItems": "CENTER",
  "layoutWrap": "NO_WRAP",
  "absoluteBoundingBox": {
    "x": 3047,
    "y": 14998,
    "width": 256,
    "height": 24
  },
  "absoluteRenderBounds": null,
  "constraints": {
    "vertical": "TOP",
    "horizontal": "LEFT"
  },
  "layoutAlign": "INHERIT",
  "layoutGrow": 1,
  "maxWidth": 256,
  "layoutSizingHorizontal": "FILL",
  "layoutSizingVertical": "HUG",
  "effects": [],
  "interactions": []
}