{
  "id": "148:417",
  "name": "Label",
  "type": "FRAME",
  "scrollBehavior": "SCROLLS",
  "children": [
    {
      "id": "148:419",
      "name": "Navigation Items",
      "type": "INSTANCE",
      "scrollBehavior": "SCROLLS",
      "boundVariables": {
        "fills": [
          {
            "type": "VARIABLE_ALIAS",
            "id": "VariableID:127:249"
          }
        ]
      },
      "componentId": "137:230",
      "overrides": [
        {
          "id": "I148:419;137:220",
          "overriddenFields": [
            "opacity"
          ]
        },
        {
          "id": "I148:419;137:220;148:444",
          "overriddenFields": [
            "fills"
          ]
        },
        {
          "id": "148:419",
          "overriddenFields": [
            "height",
            "width"
          ]
        }
      ],
      "children": [
        {
          "id": "I148:419;137:220",
          "name": "Icons",
          "type": "INSTANCE",
          "scrollBehavior": "SCROLLS",
          "componentId": "148:461",
          "componentProperties": {
            "Property 1": {
              "value": "Check",
              "type": "VARIANT",
              "boundVariables": {}
            }
          },
          "overrides": [
            {
              "id": "I148:419;137:220",
              "overriddenFields": [
                "opacity"
              ]
            },
            {
              "id": "I148:419;137:220;148:444",
              "overriddenFields": [
                "fills"
              ]
            }
          ],
          "children": [
            {
              "id": "I148:419;137:220;148:444",
              "name": "Vector",
              "type": "VECTOR",
              "scrollBehavior": "SCROLLS",
              "blendMode": "PASS_THROUGH",
              "fills": [
                {
                  "blendMode": "NORMAL",
                  "type": "SOLID",
                  "color": {
                    "r": 0.2513321340084076,
                    "g": 0.4742525517940521,
                    "b": 0.3405003249645233,
                    "a": 1
                  }
                }
              ],
              "strokes": [],
              "strokeWeight": 1,
              "strokeAlign": "INSIDE",
              "absoluteBoundingBox": {
                "x": 6742.2734375,
                "y": 14815.7265625,
                "width": 11.726666450500488,
                "height": 8.940000534057617
              },
              "absoluteRenderBounds": {
                "x": 6742.2734375,
                "y": 14815.7265625,
                "width": 11.7265625,
                "height": 8.9404296875
              },
              "constraints": {
                "vertical": "SCALE",
                "horizontal": "SCALE"
              },
              "effects": [],
              "interactions": []
            }
          ],
          "blendMode": "PASS_THROUGH",
          "clipsContent": true,
          "background": [],
          "fills": [],
          "strokes": [],
          "strokeWeight": 1,
          "strokeAlign": "INSIDE",
          "backgroundColor": {
            "r": 0,
            "g": 0,
            "b": 0,
            "a": 0
          },
          "absoluteBoundingBox": {
            "x": 6740,
            "y": 14812,
            "width": 16,
            "height": 16
          },
          "absoluteRenderBounds": {
            "x": 6740,
            "y": 14812,
            "width": 16,
            "height": 16
          },
          "preserveRatio": true,
          "targetAspectRatio": {
            "x": 24,
            "y": 24
          },
          "constraints": {
            "vertical": "SCALE",
            "horizontal": "SCALE"
          },
          "effects": [],
          "interactions": []
        }
      ],
      "blendMode": "PASS_THROUGH",
      "clipsContent": false,
      "background": [
        {
          "blendMode": "NORMAL",
          "type": "SOLID",
          "color": {
            "r": 1,
            "g": 1,
            "b": 1,
            "a": 1
          },
          "boundVariables": {
            "color": {
              "type": "VARIABLE_ALIAS",
              "id": "VariableID:127:249"
            }
          }
        }
      ],
      "fills": [
        {
          "blendMode": "NORMAL",
          "type": "SOLID",
          "color": {
            "r": 1,
            "g": 1,
            "b": 1,
            "a": 1
          },
          "boundVariables": {
            "color": {
              "type": "VARIABLE_ALIAS",
              "id": "VariableID:127:249"
            }
          }
        }
      ],
      "strokes": [],
      "cornerRadius": 4,
      "cornerSmoothing": 0,
      "strokeWeight": 1,
      "strokeAlign": "INSIDE",
      "backgroundColor": {
        "r": 1,
        "g": 1,
        "b": 1,
        "a": 1
      },
      "absoluteBoundingBox": {
        "x": 6740,
        "y": 14812,
        "width": 16,
        "height": 16
      },
      "absoluteRenderBounds": {
        "x": 6740,
        "y": 14812,
        "width": 16,
        "height": 16
      },
      "targetAspectRatio": {
        "x": 20,
        "y": 20
      },
      "constraints": {
        "vertical": "TOP",
        "horizontal": "LEFT"
      },
      "layoutAlign": "INHERIT",
      "layoutGrow": 0,
      "layoutSizingHorizontal": "FIXED",
      "layoutSizingVertical": "FIXED",
      "effects": [],
      "interactions": []
    },
    {
      "id": "148:418",
      "name": "Label",
      "type": "TEXT",
      "scrollBehavior": "SCROLLS",
      "blendMode": "PASS_THROUGH",
      "fills": [
        {
          "blendMode": "NORMAL",
          "type": "SOLID",
          "color": {
            "r": 0.2513321340084076,
            "g": 0.4742525517940521,
            "b": 0.3405003249645233,
            "a": 1
          }
        }
      ],
      "strokes": [],
      "strokeWeight": 1,
      "strokeAlign": "OUTSIDE",
      "absoluteBoundingBox": {
        "x": 6764,
        "y": 14810,
        "width": 101,
        "height": 20
      },
      "absoluteRenderBounds": {
        "x": 6765.056640625,
        "y": 14815,
        "width": 97.99560546875,
        "height": 11.5908203125
      },
      "constraints": {
        "vertical": "TOP",
        "horizontal": "LEFT"
      },
      "layoutAlign": "INHERIT",
      "layoutGrow": 0,
      "layoutSizingHorizontal": "HUG",
      "layoutSizingVertical": "HUG",
      "characters": "Figma Connected",
      "characterStyleOverrides": [],
      "styleOverrideTable": {},
      "lineTypes": [
        "NONE"
      ],
      "lineIndentations": [
        0
      ],
      "style": {
        "fontFamily": "Inter",
        "fontPostScriptName": null,
        "fontStyle": "Regular",
        "fontWeight": 400,
        "textAutoResize": "WIDTH_AND_HEIGHT",
        "fontSize": 12,
        "textAlignHorizontal": "LEFT",
        "textAlignVertical": "CENTER",
        "letterSpacing": 0,
        "lineHeightPx": 20,
        "lineHeightPercent": 137.71517944335938,
        "lineHeightPercentFontSize": 166.6666717529297,
        "lineHeightUnit": "PIXELS"
      },
      "layoutVersion": 4,
      "effects": [],
      "interactions": []
    }
  ],
  "blendMode": "PASS_THROUGH",
  "clipsContent": false,
  "background": [],
  "fills": [],
  "strokes": [
    {
      "blendMode": "NORMAL",
      "type": "SOLID",
      "color": {
        "r": 0.2513321340084076,
        "g": 0.4742525517940521,
        "b": 0.3405003249645233,
        "a": 1
      }
    }
  ],
  "cornerRadius": 24,
  "cornerSmoothing": 0,
  "strokeWeight": 1,
  "strokeAlign": "INSIDE",
  "backgroundColor": {
    "r": 0,
    "g": 0,
    "b": 0,
    "a": 0
  },
  "layoutMode": "HORIZONTAL",
  "itemSpacing": 8,
  "counterAxisAlignItems": "CENTER",
  "primaryAxisAlignItems": "CENTER",
  "paddingLeft": 8,
  "paddingRight": 8,
  "paddingTop": 4,
  "paddingBottom": 4,
  "layoutWrap": "NO_WRAP",
  "absoluteBoundingBox": {
    "x": 6732,
    "y": 14806,
    "width": 141,
    "height": 28
  },
  "absoluteRenderBounds": {
    "x": 6732,
    "y": 14806,
    "width": 141,
    "height": 28
  },
  "constraints": {
    "vertical": "TOP",
    "horizontal": "LEFT"
  },
  "layoutAlign": "INHERIT",
  "layoutGrow": 0,
  "layoutSizingHorizontal": "HUG",
  "layoutSizingVertical": "HUG",
  "effects": [],
  "interactions": []
}