{
  "id": "I148:322;154:1298",
  "name": "Body",
  "type": "FRAME",
  "scrollBehavior": "SCROLLS",
  "children": [
    {
      "id": "I148:322;296:2485",
      "name": "Frame 55",
      "type": "FRAME",
      "scrollBehavior": "SCROLLS",
      "children": [
        {
          "id": "I148:322;293:2271",
          "name": "Label",
          "type": "INSTANCE",
          "scrollBehavior": "SCROLLS",
          "componentId": "142:185",
          "overrides": [],
          "children": [
            {
              "id": "I148:322;293:2271;154:4830",
              "name": "Frame 49",
              "type": "FRAME",
              "scrollBehavior": "SCROLLS",
              "children": [
                {
                  "id": "I148:322;293:2271;128:305",
                  "name": "Label",
                  "type": "TEXT",
                  "scrollBehavior": "SCROLLS",
                  "blendMode": "PASS_THROUGH",
                  "fills": [
                    {
                      "blendMode": "NORMAL",
                      "type": "SOLID",
                      "color": {
                        "r": 0.32156863808631897,
                        "g": 0.32156863808631897,
                        "b": 0.32156863808631897,
                        "a": 1
                      }
                    }
                  ],
                  "strokes": [],
                  "strokeWeight": 1,
                  "strokeAlign": "OUTSIDE",
                  "absoluteBoundingBox": {
                    "x": 6873,
                    "y": 14898,
                    "width": 168,
                    "height": 20
                  },
                  "absoluteRenderBounds": null,
                  "constraints": {
                    "vertical": "TOP",
                    "horizontal": "LEFT"
                  },
                  "layoutAlign": "INHERIT",
                  "layoutGrow": 1,
                  "layoutSizingHorizontal": "FILL",
                  "layoutSizingVertical": "HUG",
                  "characters": "Data extract",
                  "characterStyleOverrides": [],
                  "styleOverrideTable": {},
                  "lineTypes": [
                    "NONE"
                  ],
                  "lineIndentations": [
                    0
                  ],
                  "style": {
                    "fontFamily": "Inter",
                    "fontPostScriptName": null,
                    "fontStyle": "Regular",
                    "fontWeight": 400,
                    "textAutoResize": "HEIGHT",
                    "fontSize": 14,
                    "textAlignHorizontal": "LEFT",
                    "textAlignVertical": "CENTER",
                    "letterSpacing": 0,
                    "lineHeightPx": 20,
                    "lineHeightPercent": 118.04158782958984,
                    "lineHeightPercentFontSize": 142.85714721679688,
                    "lineHeightUnit": "PIXELS"
                  },
                  "layoutVersion": 4,
                  "effects": [],
                  "interactions": []
                },
                {
                  "id": "I148:322;293:2271;141:3875",
                  "name": "Action",
                  "type": "INSTANCE",
                  "scrollBehavior": "SCROLLS",
                  "boundVariables": {
                    "fills": [
                      {
                        "type": "VARIABLE_ALIAS",
                        "id": "VariableID:127:249"
                      }
                    ]
                  },
                  "componentId": "137:230",
                  "overrides": [],
                  "children": [
                    {
                      "id": "I148:322;293:2271;141:3875;137:220",
                      "name": "Icons",
                      "visible": false,
                      "type": "INSTANCE",
                      "scrollBehavior": "SCROLLS",
                      "componentId": "137:216",
                      "componentProperties": {
                        "Property 1": {
                          "value": "arrow-drop-down",
                          "type": "VARIANT",
                          "boundVariables": {}
                        }
                      },
                      "overrides": [],
                      "children": [
                        {
                          "id": "I148:322;293:2271;141:3875;137:220;137:212",
                          "name": "Vector",
                          "type": "VECTOR",
                          "scrollBehavior": "SCROLLS",
                          "boundVariables": {
                            "fills": [
                              {
                                "type": "VARIABLE_ALIAS",
                                "id": "VariableID:127:231"
                              }
                            ]
                          },
                          "blendMode": "PASS_THROUGH",
                          "fills": [
                            {
                              "blendMode": "NORMAL",
                              "type": "SOLID",
                              "color": {
                                "r": 0.3333333432674408,
                                "g": 0.3333333432674408,
                                "b": 0.3333333432674408,
                                "a": 1
                              },
                              "boundVariables": {
                                "color": {
                                  "type": "VARIABLE_ALIAS",
                                  "id": "VariableID:127:231"
                                }
                              }
                            }
                          ],
                          "strokes": [],
                          "strokeWeight": 1,
                          "strokeAlign": "INSIDE",
                          "absoluteBoundingBox": {
                            "x": 7054.83349609375,
                            "y": 14906.3330078125,
                            "width": 8.333333969116211,
                            "height": 4.1666669845581055
                          },
                          "absoluteRenderBounds": null,
                          "constraints": {
                            "vertical": "SCALE",
                            "horizontal": "SCALE"
                          },
                          "effects": [],
                          "interactions": []
                        }
                      ],
                      "blendMode": "PASS_THROUGH",
                      "opacity": 0.5,
                      "clipsContent": true,
                      "background": [],
                      "fills": [],
                      "strokes": [],
                      "strokeWeight": 1,
                      "strokeAlign": "INSIDE",
                      "backgroundColor": {
                        "r": 0,
                        "g": 0,
                        "b": 0,
                        "a": 0
                      },
                      "absoluteBoundingBox": {
                        "x": 7049,
                        "y": 14898,
                        "width": 20,
                        "height": 20
                      },
                      "absoluteRenderBounds": null,
                      "constraints": {
                        "vertical": "SCALE",
                        "horizontal": "SCALE"
                      },
                      "effects": [],
                      "interactions": []
                    }
                  ],
                  "blendMode": "PASS_THROUGH",
                  "clipsContent": false,
                  "background": [
                    {
                      "blendMode": "NORMAL",
                      "type": "SOLID",
                      "color": {
                        "r": 1,
                        "g": 1,
                        "b": 1,
                        "a": 1
                      },
                      "boundVariables": {
                        "color": {
                          "type": "VARIABLE_ALIAS",
                          "id": "VariableID:127:249"
                        }
                      }
                    }
                  ],
                  "fills": [
                    {
                      "blendMode": "NORMAL",
                      "type": "SOLID",
                      "color": {
                        "r": 1,
                        "g": 1,
                        "b": 1,
                        "a": 1
                      },
                      "boundVariables": {
                        "color": {
                          "type": "VARIABLE_ALIAS",
                          "id": "VariableID:127:249"
                        }
                      }
                    }
                  ],
                  "strokes": [],
                  "cornerRadius": 4,
                  "cornerSmoothing": 0,
                  "strokeWeight": 1,
                  "strokeAlign": "INSIDE",
                  "backgroundColor": {
                    "r": 1,
                    "g": 1,
                    "b": 1,
                    "a": 1
                  },
                  "absoluteBoundingBox": {
                    "x": 7049,
                    "y": 14898,
                    "width": 20,
                    "height": 20
                  },
                  "absoluteRenderBounds": null,
                  "targetAspectRatio": {
                    "x": 20,
                    "y": 20
                  },
                  "constraints": {
                    "vertical": "TOP",
                    "horizontal": "LEFT"
                  },
                  "layoutAlign": "INHERIT",
                  "layoutGrow": 0,
                  "layoutSizingHorizontal": "FIXED",
                  "layoutSizingVertical": "FIXED",
                  "effects": [],
                  "interactions": []
                }
              ],
              "blendMode": "PASS_THROUGH",
              "clipsContent": false,
              "background": [],
              "fills": [],
              "strokes": [],
              "strokeWeight": 1,
              "strokeAlign": "INSIDE",
              "backgroundColor": {
                "r": 0,
                "g": 0,
                "b": 0,
                "a": 0
              },
              "layoutMode": "HORIZONTAL",
              "itemSpacing": 8,
              "primaryAxisSizingMode": "FIXED",
              "counterAxisAlignItems": "CENTER",
              "layoutWrap": "NO_WRAP",
              "absoluteBoundingBox": {
                "x": 6873,
                "y": 14898,
                "width": 196,
                "height": 20
              },
              "absoluteRenderBounds": null,
              "constraints": {
                "vertical": "TOP",
                "horizontal": "LEFT"
              },
              "layoutAlign": "INHERIT",
              "layoutGrow": 1,
              "layoutSizingHorizontal": "FILL",
              "layoutSizingVertical": "HUG",
              "effects": [],
              "interactions": []
            },
            {
              "id": "I148:322;293:2271;143:681",
              "name": "Action",
              "type": "INSTANCE",
              "scrollBehavior": "SCROLLS",
              "boundVariables": {
                "fills": [
                  {
                    "type": "VARIABLE_ALIAS",
                    "id": "VariableID:127:249"
                  }
                ]
              },
              "componentId": "137:230",
              "overrides": [],
              "children": [
                {
                  "id": "I148:322;293:2271;143:681;137:220",
                  "name": "Icons",
                  "type": "INSTANCE",
                  "scrollBehavior": "SCROLLS",
                  "componentId": "143:581",
                  "componentProperties": {
                    "Property 1": {
                      "value": "Copy",
                      "type": "VARIANT",
                      "boundVariables": {}
                    }
                  },
                  "overrides": [],
                  "children": [
                    {
                      "id": "I148:322;293:2271;143:681;137:220;143:580",
                      "name": "Vector",
                      "type": "VECTOR",
                      "scrollBehavior": "SCROLLS",
                      "boundVariables": {
                        "fills": [
                          {
                            "type": "VARIABLE_ALIAS",
                            "id": "VariableID:127:231"
                          }
                        ]
                      },
                      "blendMode": "PASS_THROUGH",
                      "fills": [
                        {
                          "blendMode": "NORMAL",
                          "type": "SOLID",
                          "color": {
                            "r": 0.3333333432674408,
                            "g": 0.3333333432674408,
                            "b": 0.3333333432674408,
                            "a": 1
                          },
                          "boundVariables": {
                            "color": {
                              "type": "VARIABLE_ALIAS",
                              "id": "VariableID:127:231"
                            }
                          }
                        }
                      ],
                      "strokes": [],
                      "strokeWeight": 1,
                      "strokeAlign": "INSIDE",
                      "absoluteBoundingBox": {
                        "x": 7081.2421875,
                        "y": 14901.3330078125,
                        "width": 11.515151023864746,
                        "height": 13.333333015441895
                      },
                      "absoluteRenderBounds": null,
                      "preserveRatio": true,
                      "targetAspectRatio": {
                        "x": 19,
                        "y": 22
                      },
                      "constraints": {
                        "vertical": "SCALE",
                        "horizontal": "CENTER"
                      },
                      "effects": [],
                      "interactions": []
                    }
                  ],
                  "blendMode": "PASS_THROUGH",
                  "opacity": 0.5,
                  "clipsContent": true,
                  "background": [],
                  "fills": [],
                  "strokes": [],
                  "strokeWeight": 1,
                  "strokeAlign": "INSIDE",
                  "backgroundColor": {
                    "r": 0,
                    "g": 0,
                    "b": 0,
                    "a": 0
                  },
                  "absoluteBoundingBox": {
                    "x": 7077,
                    "y": 14898,
                    "width": 20,
                    "height": 20
                  },
                  "absoluteRenderBounds": null,
                  "preserveRatio": true,
                  "targetAspectRatio": {
                    "x": 24,
                    "y": 24
                  },
                  "constraints": {
                    "vertical": "SCALE",
                    "horizontal": "SCALE"
                  },
                  "effects": [],
                  "interactions": []
                }
              ],
              "blendMode": "PASS_THROUGH",
              "clipsContent": false,
              "background": [
                {
                  "blendMode": "NORMAL",
                  "type": "SOLID",
                  "color": {
                    "r": 1,
                    "g": 1,
                    "b": 1,
                    "a": 1
                  },
                  "boundVariables": {
                    "color": {
                      "type": "VARIABLE_ALIAS",
                      "id": "VariableID:127:249"
                    }
                  }
                }
              ],
              "fills": [
                {
                  "blendMode": "NORMAL",
                  "type": "SOLID",
                  "color": {
                    "r": 1,
                    "g": 1,
                    "b": 1,
                    "a": 1
                  },
                  "boundVariables": {
                    "color": {
                      "type": "VARIABLE_ALIAS",
                      "id": "VariableID:127:249"
                    }
                  }
                }
              ],
              "strokes": [],
              "cornerRadius": 4,
              "cornerSmoothing": 0,
              "strokeWeight": 1,
              "strokeAlign": "INSIDE",
              "backgroundColor": {
                "r": 1,
                "g": 1,
                "b": 1,
                "a": 1
              },
              "absoluteBoundingBox": {
                "x": 7077,
                "y": 14898,
                "width": 20,
                "height": 20
              },
              "absoluteRenderBounds": null,
              "targetAspectRatio": {
                "x": 20,
                "y": 20
              },
              "constraints": {
                "vertical": "TOP",
                "horizontal": "LEFT"
              },
              "layoutAlign": "INHERIT",
              "layoutGrow": 0,
              "layoutSizingHorizontal": "FIXED",
              "layoutSizingVertical": "FIXED",
              "effects": [],
              "interactions": []
            }
          ],
          "blendMode": "PASS_THROUGH",
          "clipsContent": false,
          "background": [
            {
              "blendMode": "NORMAL",
              "type": "SOLID",
              "color": {
                "r": 1,
                "g": 1,
                "b": 1,
                "a": 1
              }
            }
          ],
          "fills": [
            {
              "blendMode": "NORMAL",
              "type": "SOLID",
              "color": {
                "r": 1,
                "g": 1,
                "b": 1,
                "a": 1
              }
            }
          ],
          "strokes": [
            {
              "blendMode": "NORMAL",
              "type": "SOLID",
              "color": {
                "r": 0.8901960849761963,
                "g": 0.9098039269447327,
                "b": 0.9372549057006836,
                "a": 1
              }
            }
          ],
          "rectangleCornerRadii": [
            4,
            4,
            0,
            0
          ],
          "cornerSmoothing": 0,
          "strokeWeight": 1,
          "individualStrokeWeights": {
            "top": 1,
            "right": 1,
            "bottom": 0,
            "left": 1
          },
          "strokeAlign": "INSIDE",
          "backgroundColor": {
            "r": 1,
            "g": 1,
            "b": 1,
            "a": 1
          },
          "layoutMode": "HORIZONTAL",
          "itemSpacing": 8,
          "primaryAxisSizingMode": "FIXED",
          "paddingLeft": 8,
          "paddingRight": 8,
          "paddingTop": 8,
          "paddingBottom": 8,
          "layoutWrap": "NO_WRAP",
          "absoluteBoundingBox": {
            "x": 6865,
            "y": 14890,
            "width": 240,
            "height": 36
          },
          "absoluteRenderBounds": null,
          "constraints": {
            "vertical": "TOP",
            "horizontal": "LEFT"
          },
          "layoutAlign": "INHERIT",
          "layoutGrow": 0,
          "layoutSizingHorizontal": "FIXED",
          "layoutSizingVertical": "HUG",
          "effects": [],
          "interactions": []
        },
        {
          "id": "I148:322;154:2553",
          "name": "Text View/Figma data",
          "type": "INSTANCE",
          "scrollBehavior": "SCROLLS",
          "componentId": "154:1618",
          "overrides": [],
          "children": [
            {
              "id": "I148:322;154:2553;154:1605",
              "name": "Text View/Multi-Line/Code",
              "type": "INSTANCE",
              "scrollBehavior": "SCROLLS",
              "boundVariables": {
                "strokes": [
                  {
                    "type": "VARIABLE_ALIAS",
                    "id": "VariableID:337:29811"
                  }
                ]
              },
              "componentId": "142:186",
              "overrides": [],
              "children": [
                {
                  "id": "I148:322;154:2553;154:1605;141:4084",
                  "name": "Text content",
                  "type": "INSTANCE",
                  "scrollBehavior": "SCROLLS",
                  "boundVariables": {
                    "itemSpacing": {
                      "type": "VARIABLE_ALIAS",
                      "id": "VariableID:835a9f7f3afe374c1cc5550fd8dd89b5206bb89c/14747:106"
                    },
                    "visible": {
                      "type": "VARIABLE_ALIAS",
                      "id": "VariableID:5a114b042489e54957d55886c2081dcf10b8ba53/12118:24"
                    }
                  },
                  "componentId": "141:4061",
                  "componentProperties": {
                    "Property 1": {
                      "value": "Multiple lines",
                      "type": "VARIANT",
                      "boundVariables": {}
                    },
                    "Property 2": {
                      "value": "code",
                      "type": "VARIANT",
                      "boundVariables": {}
                    }
                  },
                  "overrides": [],
                  "children": [
                    {
                      "id": "I148:322;154:2553;154:1605;141:4084;141:3681",
                      "name": "1 2 3 4 5 6 7 8 9 10 11 12 13 14 15 16 17 18 19 20 21 22 23 24 25 26 27 28 29 30",
                      "type": "TEXT",
                      "scrollBehavior": "SCROLLS",
                      "boundVariables": {
                        "fills": [
                          {
                            "type": "VARIABLE_ALIAS",
                            "id": "VariableID:c873c957d3f8201f31ee6fd19d2ffaa2e2f6a0fa/19373:590"
                          }
                        ]
                      },
                      "blendMode": "PASS_THROUGH",
                      "fills": [
                        {
                          "opacity": 0.20000000298023224,
                          "blendMode": "NORMAL",
                          "type": "SOLID",
                          "color": {
                            "r": 0.10980392247438431,
                            "g": 0.10980392247438431,
                            "b": 0.10980392247438431,
                            "a": 1
                          },
                          "boundVariables": {
                            "color": {
                              "type": "VARIABLE_ALIAS",
                              "id": "VariableID:c873c957d3f8201f31ee6fd19d2ffaa2e2f6a0fa/19373:590"
                            }
                          }
                        }
                      ],
                      "strokes": [],
                      "strokeWeight": 1,
                      "strokeAlign": "OUTSIDE",
                      "absoluteBoundingBox": {
                        "x": 6873,
                        "y": 14934,
                        "width": 15,
                        "height": 600
                      },
                      "absoluteRenderBounds": null,
                      "constraints": {
                        "vertical": "TOP",
                        "horizontal": "LEFT"
                      },
                      "layoutAlign": "INHERIT",
                      "layoutGrow": 0,
                      "layoutSizingHorizontal": "HUG",
                      "layoutSizingVertical": "HUG",
                      "characters": "1\n2\n3\n4\n5\n6\n7\n8\n9\n10\n11\n12\n13\n14\n15\n16\n17\n18\n19\n20\n21\n22\n23\n24\n25\n26\n27\n28\n29\n30",
                      "characterStyleOverrides": [],
                      "styleOverrideTable": {},
                      "lineTypes": [
                        "NONE",
                        "NONE",
                        "NONE",
                        "NONE",
                        "NONE",
                        "NONE",
                        "NONE",
                        "NONE",
                        "NONE",
                        "NONE",
                        "NONE",
                        "NONE",
                        "NONE",
                        "NONE",
                        "NONE",
                        "NONE",
                        "NONE",
                        "NONE",
                        "NONE",
                        "NONE",
                        "NONE",
                        "NONE",
                        "NONE",
                        "NONE",
                        "NONE",
                        "NONE",
                        "NONE",
                        "NONE",
                        "NONE",
                        "NONE"
                      ],
                      "lineIndentations": [
                        0,
                        0,
                        0,
                        0,
                        0,
                        0,
                        0,
                        0,
                        0,
                        0,
                        0,
                        0,
                        0,
                        0,
                        0,
                        0,
                        0,
                        0,
                        0,
                        0,
                        0,
                        0,
                        0,
                        0,
                        0,
                        0,
                        0,
                        0,
                        0,
                        0
                      ],
                      "style": {
                        "fontFamily": "Source Code Pro",
                        "fontPostScriptName": "SourceCodeProRoman-Regular",
                        "fontStyle": "Regular",
                        "fontWeight": 400,
                        "listSpacing": 12,
                        "textAutoResize": "WIDTH_AND_HEIGHT",
                        "fontSize": 12,
                        "textAlignHorizontal": "RIGHT",
                        "textAlignVertical": "TOP",
                        "opentypeFlags": {
                          "SS01": 1,
                          "CV01": 1,
                          "CV11": 1
                        },
                        "letterSpacing": 0,
                        "lineHeightPx": 20,
                        "lineHeightPercent": 132.59083557128906,
                        "lineHeightPercentFontSize": 166.6666717529297,
                        "lineHeightUnit": "PIXELS"
                      },
                      "layoutVersion": 4,
                      "effects": [],
                      "interactions": []
                    },
                    {
                      "id": "I148:322;154:2553;154:1605;141:4084;141:3682",
                      "name": "Text",
                      "type": "TEXT",
                      "scrollBehavior": "SCROLLS",
                      "blendMode": "PASS_THROUGH",
                      "fills": [
                        {
                          "blendMode": "NORMAL",
                          "type": "SOLID",
                          "color": {
                            "r": 0.2980392277240753,
                            "g": 0.3019607961177826,
                            "b": 0.30588236451148987,
                            "a": 1
                          }
                        }
                      ],
                      "strokes": [],
                      "strokeWeight": 1,
                      "strokeAlign": "OUTSIDE",
                      "absoluteBoundingBox": {
                        "x": 6896,
                        "y": 14934,
                        "width": 201,
                        "height": 1098
                      },
                      "absoluteRenderBounds": null,
                      "constraints": {
                        "vertical": "TOP",
                        "horizontal": "LEFT"
                      },
                      "layoutAlign": "INHERIT",
                      "layoutGrow": 1,
                      "layoutSizingHorizontal": "FILL",
                      "layoutSizingVertical": "HUG",
                      "characters": "{\n  \"node\": {\n    \"id\": \"40000337:16761\",\n    \"name\": \"Home\",\n    \"type\": \"FRAME\",\n    \"scrollBehavior\": \"SCROLLS\",\n    \"children\": [\n      {\n        \"id\": \"40000337:16763\",\n        \"name\": \"Hero\",\n        \"type\": \"FRAME\",\n        \"scrollBehavior\": \"SCROLLS\",\n        \"children\": [\n          {\n            \"id\": \"40000337:16764\",\n            \"name\": \"Hero\",\n            \"type\": \"FRAME\",\n            \"scrollBehavior\": \"SCROLLS\",\n            \"children\": [\n              {\n                \"id\": \"40000337:16765\",\n                \"name\": \"Top bar\",\n                \"type\": \"FRAME\",\n                \"scrollBehavior\": \"STICKY_SCROLLS\",\n                \"children\": [],\n                \"blendMode\": \"PASS_THROUGH\",\n                \"clipsContent\": true,\n                \"background\": [\n                  {\n                    \"opacity\": 0.6000000238418579,\n                    \"blendMode\": \"NORMAL\"\n                  }\n                ]\n              }\n            ]\n          }\n        ]\n      }\n    ]\n  }\n}",
                      "characterStyleOverrides": [
                        1,
                        1,
                        1,
                        1,
                        2,
                        2,
                        2,
                        2,
                        2,
                        2,
                        1,
                        1,
                        1,
                        1,
                        1,
                        1,
                        1,
                        1,
                        2,
                        2,
                        2,
                        2,
                        1,
                        1,
                        2,
                        2,
                        2,
                        2,
                        2,
                        2,
                        2,
                        2,
                        2,
                        2,
                        2,
                        2,
                        2,
                        2,
                        2,
                        2,
                        1,
                        1,
                        1,
                        1,
                        1,
                        1,
                        2,
                        2,
                        2,
                        2,
                        2,
                        2,
                        1,
                        1,
                        2,
                        2,
                        2,
                        2,
                        2,
                        2,
                        1,
                        1,
                        1,
                        1,
                        1,
                        1,
                        2,
                        2,
                        2,
                        2,
                        2,
                        2,
                        1,
                        1,
                        2,
                        2,
                        2,
                        2,
                        2,
                        2,
                        2,
                        1,
                        1,
                        1,
                        1,
                        1,
                        1,
                        2,
                        2,
                        2,
                        2,
                        2,
                        2,
                        2,
                        2,
                        2,
                        2,
                        2,
                        2,
                        2,
                        2,
                        2,
                        2,
                        1,
                        1,
                        2,
                        2,
                        2,
                        2,
                        2,
                        2,
                        2,
                        2,
                        2,
                        1,
                        1,
                        1,
                        1,
                        1,
                        1,
                        2,
                        2,
                        2,
                        2,
                        2,
                        2,
                        2,
                        2,
                        2,
                        2,
                        1,
                        1,
                        1,
                        1,
                        1,
                        1,
                        1,
                        1,
                        1,
                        1,
                        1,
                        1,
                        1,
                        1,
                        1,
                        1,
                        1,
                        1,
                        1,
                        1,
                        2,
                        2,
                        2,
                        2,
                        1,
                        1,
                        2,
                        2,
                        2,
                        2,
                        2,
                        2,
                        2,
                        2,
                        2,
                        2,
                        2,
                        2,
                        2,
                        2,
                        2,
                        2,
                        1,
                        1,
                        1,
                        1,
                        1,
                        1,
                        1,
                        1,
                        1,
                        1,
                        2,
                        2,
                        2,
                        2,
                        2,
                        2,
                        1,
                        1,
                        2,
                        2,
                        2,
                        2,
                        2,
                        2,
                        1,
                        1,
                        1,
                        1,
                        1,
                        1,
                        1,
                        1,
                        1,
                        1,
                        2,
                        2,
                        2,
                        2,
                        2,
                        2,
                        1,
                        1,
                        2,
                        2,
                        2,
                        2,
                        2,
                        2,
                        2,
                        1,
                        1,
                        1,
                        1,
                        1,
                        1,
                        1,
                        1,
                        1,
                        1,
                        2,
                        2,
                        2,
                        2,
                        2,
                        2,
                        2,
                        2,
                        2,
                        2,
                        2,
                        2,
                        2,
                        2,
                        2,
                        2,
                        1,
                        1,
                        2,
                        2,
                        2,
                        2,
                        2,
                        2,
                        2,
                        2,
                        2,
                        1,
                        1,
                        1,
                        1,
                        1,
                        1,
                        1,
                        1,
                        1,
                        1,
                        2,
                        2,
                        2,
                        2,
                        2,
                        2,
                        2,
                        2,
                        2,
                        2,
                        1,
                        1,
                        1,
                        1,
                        1,
                        1,
                        1,
                        1,
                        1,
                        1,
                        1,
                        1,
                        1,
                        1,
                        1,
                        1,
                        1,
                        1,
                        1,
                        1,
                        1,
                        1,
                        1,
                        1,
                        1,
                        1,
                        1,
                        1,
                        2,
                        2,
                        2,
                        2,
                        1,
                        1,
                        2,
                        2,
                        2,
                        2,
                        2,
                        2,
                        2,
                        2,
                        2,
                        2,
                        2,
                        2,
                        2,
                        2,
                        2,
                        2,
                        1,
                        1,
                        1,
                        1,
                        1,
                        1,
                        1,
                        1,
                        1,
                        1,
                        1,
                        1,
                        1,
                        1,
                        2,
                        2,
                        2,
                        2,
                        2,
                        2,
                        1,
                        1,
                        2,
                        2,
                        2,
                        2,
                        2,
                        2,
                        1,
                        1,
                        1,
                        1,
                        1,
                        1,
                        1,
                        1,
                        1,
                        1,
                        1,
                        1,
                        1,
                        1,
                        2,
                        2,
                        2,
                        2,
                        2,
                        2,
                        1,
                        1,
                        2,
                        2,
                        2,
                        2,
                        2,
                        2,
                        2,
                        1,
                        1,
                        1,
                        1,
                        1,
                        1,
                        1,
                        1,
                        1,
                        1,
                        1,
                        1,
                        1,
                        1,
                        2,
                        2,
                        2,
                        2,
                        2,
                        2,
                        2,
                        2,
                        2,
                        2,
                        2,
                        2,
                        2,
                        2,
                        2,
                        2,
                        1,
                        1,
                        2,
                        2,
                        2,
                        2,
                        2,
                        2,
                        2,
                        2,
                        2,
                        1,
                        1,
                        1,
                        1,
                        1,
                        1,
                        1,
                        1,
                        1,
                        1,
                        1,
                        1,
                        1,
                        1,
                        2,
                        2,
                        2,
                        2,
                        2,
                        2,
                        2,
                        2,
                        2,
                        2,
                        1,
                        1,
                        1,
                        1,
                        1,
                        1,
                        1,
                        1,
                        1,
                        1,
                        1,
                        1,
                        1,
                        1,
                        1,
                        1,
                        1,
                        1,
                        1,
                        1,
                        1,
                        1,
                        1,
                        1,
                        1,
                        1,
                        1,
                        1,
                        1,
                        1,
                        1,
                        1,
                        1,
                        1,
                        1,
                        1,
                        2,
                        2,
                        2,
                        2,
                        1,
                        1,
                        2,
                        2,
                        2,
                        2,
                        2,
                        2,
                        2,
                        2,
                        2,
                        2,
                        2,
                        2,
                        2,
                        2,
                        2,
                        2,
                        1,
                        1,
                        1,
                        1,
                        1,
                        1,
                        1,
                        1,
                        1,
                        1,
                        1,
                        1,
                        1,
                        1,
                        1,
                        1,
                        1,
                        1,
                        2,
                        2,
                        2,
                        2,
                        2,
                        2,
                        1,
                        1,
                        2,
                        2,
                        2,
                        2,
                        2,
                        2,
                        2,
                        2,
                        2,
                        1,
                        1,
                        1,
                        1,
                        1,
                        1,
                        1,
                        1,
                        1,
                        1,
                        1,
                        1,
                        1,
                        1,
                        1,
                        1,
                        1,
                        1,
                        2,
                        2,
                        2,
                        2,
                        2,
                        2,
                        1,
                        1,
                        2,
                        2,
                        2,
                        2,
                        2,
                        2,
                        2,
                        1,
                        1,
                        1,
                        1,
                        1,
                        1,
                        1,
                        1,
                        1,
                        1,
                        1,
                        1,
                        1,
                        1,
                        1,
                        1,
                        1,
                        1,
                        2,
                        2,
                        2,
                        2,
                        2,
                        2,
                        2,
                        2,
                        2,
                        2,
                        2,
                        2,
                        2,
                        2,
                        2,
                        2,
                        1,
                        1,
                        2,
                        2,
                        2,
                        2,
                        2,
                        2,
                        2,
                        2,
                        2,
                        2,
                        2,
                        2,
                        2,
                        2,
                        2,
                        2,
                        1,
                        1,
                        1,
                        1,
                        1,
                        1,
                        1,
                        1,
                        1,
                        1,
                        1,
                        1,
                        1,
                        1,
                        1,
                        1,
                        1,
                        1,
                        2,
                        2,
                        2,
                        2,
                        2,
                        2,
                        2,
                        2,
                        2,
                        2,
                        1,
                        1,
                        1,
                        1,
                        1,
                        1,
                        1,
                        1,
                        1,
                        1,
                        1,
                        1,
                        1,
                        1,
                        1,
                        1,
                        1,
                        1,
                        1,
                        1,
                        1,
                        1,
                        2,
                        2,
                        2,
                        2,
                        2,
                        2,
                        2,
                        2,
                        2,
                        2,
                        2,
                        1,
                        1,
                        2,
                        2,
                        2,
                        2,
                        2,
                        2,
                        2,
                        2,
                        2,
                        2,
                        2,
                        2,
                        2,
                        2,
                        1,
                        1,
                        1,
                        1,
                        1,
                        1,
                        1,
                        1,
                        1,
                        1,
                        1,
                        1,
                        1,
                        1,
                        1,
                        1,
                        1,
                        1,
                        2,
                        2,
                        2,
                        2,
                        2,
                        2,
                        2,
                        2,
                        2,
                        2,
                        2,
                        2,
                        2,
                        2,
                        1,
                        1,
                        3,
                        3,
                        3,
                        3,
                        1,
                        1,
                        1,
                        1,
                        1,
                        1,
                        1,
                        1,
                        1,
                        1,
                        1,
                        1,
                        1,
                        1,
                        1,
                        1,
                        1,
                        1,
                        2,
                        2,
                        2,
                        2,
                        2,
                        2,
                        2,
                        2,
                        2,
                        2,
                        2,
                        2,
                        1,
                        1,
                        1,
                        1,
                        1,
                        1,
                        1,
                        1,
                        1,
                        1,
                        1,
                        1,
                        1,
                        1,
                        1,
                        1,
                        1,
                        1,
                        1,
                        1,
                        1,
                        1,
                        1,
                        1,
                        1,
                        1,
                        1,
                        1,
                        1,
                        1,
                        1,
                        1,
                        1,
                        1,
                        1,
                        1,
                        1,
                        1,
                        1,
                        1,
                        1,
                        1,
                        1,
                        1,
                        2,
                        2,
                        2,
                        2,
                        2,
                        2,
                        2,
                        2,
                        2,
                        1,
                        1,
                        3,
                        3,
                        3,
                        3,
                        3,
                        3,
                        3,
                        3,
                        3,
                        3,
                        3,
                        3,
                        3,
                        3,
                        3,
                        3,
                        3,
                        3,
                        1,
                        1,
                        1,
                        1,
                        1,
                        1,
                        1,
                        1,
                        1,
                        1,
                        1,
                        1,
                        1,
                        1,
                        1,
                        1,
                        1,
                        1,
                        1,
                        1,
                        1,
                        1,
                        2,
                        2,
                        2,
                        2,
                        2,
                        2,
                        2,
                        2,
                        2,
                        2,
                        2,
                        1,
                        1,
                        2,
                        2,
                        2,
                        2,
                        2,
                        2,
                        2,
                        2,
                        2,
                        1,
                        1,
                        1,
                        1,
                        1,
                        1,
                        1,
                        1,
                        1,
                        1,
                        1,
                        1,
                        1,
                        1,
                        1,
                        1,
                        1,
                        1,
                        1,
                        1,
                        1,
                        1,
                        1,
                        1,
                        1,
                        1,
                        1,
                        1,
                        1,
                        1,
                        1,
                        1,
                        1,
                        1,
                        1,
                        1,
                        1,
                        1,
                        1,
                        1,
                        1,
                        1,
                        1,
                        1,
                        1,
                        1,
                        1,
                        1,
                        1,
                        1,
                        1,
                        1,
                        1,
                        1,
                        1,
                        1,
                        1,
                        1,
                        1,
                        1,
                        1,
                        1,
                        1,
                        1,
                        1,
                        1,
                        1,
                        1,
                        1,
                        1,
                        1,
                        1,
                        1,
                        1,
                        1,
                        1,
                        1,
                        1,
                        1,
                        1,
                        1,
                        1,
                        1,
                        1,
                        1,
                        1,
                        1,
                        1,
                        1,
                        1,
                        1,
                        1,
                        1,
                        1,
                        1,
                        1,
                        1,
                        1,
                        1,
                        1,
                        1,
                        1,
                        1,
                        1,
                        1,
                        1,
                        1,
                        1,
                        1
                      ],
                      "styleOverrideTable": {
                        "1": {
                          "fills": [
                            {
                              "blendMode": "NORMAL",
                              "type": "SOLID",
                              "color": {
                                "r": 0.4493700861930847,
                                "g": 0.482225239276886,
                                "b": 0.5150803923606873,
                                "a": 1
                              }
                            }
                          ]
                        },
                        "2": {
                          "fills": [
                            {
                              "blendMode": "NORMAL",
                              "type": "SOLID",
                              "color": {
                                "r": 0.35578280687332153,
                                "g": 0.5684162378311157,
                                "b": 0.74072265625,
                                "a": 1
                              }
                            }
                          ]
                        },
                        "3": {
                          "fills": [
                            {
                              "blendMode": "NORMAL",
                              "type": "SOLID",
                              "color": {
                                "r": 0.13114260137081146,
                                "g": 0.3949655592441559,
                                "b": 0.6769831776618958,
                                "a": 1
                              }
                            }
                          ]
                        }
                      },
                      "lineTypes": [
                        "NONE",
                        "NONE",
                        "NONE",
                        "NONE",
                        "NONE",
                        "NONE",
                        "NONE",
                        "NONE",
                        "NONE",
                        "NONE",
                        "NONE",
                        "NONE",
                        "NONE",
                        "NONE",
                        "NONE",
                        "NONE",
                        "NONE",
                        "NONE",
                        "NONE",
                        "NONE",
                        "NONE",
                        "NONE",
                        "NONE",
                        "NONE",
                        "NONE",
                        "NONE",
                        "NONE",
                        "NONE",
                        "NONE",
                        "NONE",
                        "NONE",
                        "NONE",
                        "NONE",
                        "NONE",
                        "NONE",
                        "NONE",
                        "NONE",
                        "NONE",
                        "NONE",
                        "NONE",
                        "NONE"
                      ],
                      "lineIndentations": [
                        0,
                        0,
                        0,
                        0,
                        0,
                        0,
                        0,
                        0,
                        0,
                        0,
                        0,
                        0,
                        0,
                        0,
                        0,
                        0,
                        0,
                        0,
                        0,
                        0,
                        0,
                        0,
                        0,
                        0,
                        0,
                        0,
                        0,
                        0,
                        0,
                        0,
                        0,
                        0,
                        0,
                        0,
                        0,
                        0,
                        0,
                        0,
                        0,
                        0,
                        0
                      ],
                      "style": {
                        "fontFamily": ".SF NS Mono",
                        "fontPostScriptName": ".SFNSMono-Regular",
                        "fontStyle": "Regular",
                        "fontWeight": 400,
                        "listSpacing": 12,
                        "textAutoResize": "HEIGHT",
                        "fontSize": 12,
                        "textAlignHorizontal": "LEFT",
                        "textAlignVertical": "TOP",
                        "opentypeFlags": {
                          "SS01": 1,
                          "CV01": 1,
                          "CV11": 1
                        },
                        "letterSpacing": 0,
                        "lineHeightPx": 18,
                        "lineHeightPercent": 127.3631820678711,
                        "lineHeightPercentFontSize": 150,
                        "lineHeightUnit": "FONT_SIZE_%"
                      },
                      "layoutVersion": 4,
                      "effects": [],
                      "interactions": []
                    }
                  ],
                  "blendMode": "PASS_THROUGH",
                  "clipsContent": false,
                  "background": [],
                  "fills": [],
                  "strokes": [],
                  "strokeWeight": 1,
                  "strokeAlign": "INSIDE",
                  "backgroundColor": {
                    "r": 0,
                    "g": 0,
                    "b": 0,
                    "a": 0
                  },
                  "layoutMode": "HORIZONTAL",
                  "counterAxisSizingMode": "FIXED",
                  "itemSpacing": 8,
                  "primaryAxisSizingMode": "FIXED",
                  "layoutWrap": "WRAP",
                  "counterAxisSpacing": 8,
                  "counterAxisAlignContent": "AUTO",
                  "absoluteBoundingBox": {
                    "x": 6873,
                    "y": 14934,
                    "width": 224,
                    "height": 596
                  },
                  "absoluteRenderBounds": null,
                  "constraints": {
                    "vertical": "TOP",
                    "horizontal": "LEFT"
                  },
                  "layoutAlign": "STRETCH",
                  "layoutGrow": 1,
                  "layoutSizingHorizontal": "FILL",
                  "layoutSizingVertical": "FILL",
                  "effects": [],
                  "interactions": []
                },
                {
                  "id": "I148:322;154:2553;154:1605;337:29652",
                  "name": "Navigation Items",
                  "type": "INSTANCE",
                  "scrollBehavior": "SCROLLS",
                  "boundVariables": {
                    "fills": [
                      {
                        "type": "VARIABLE_ALIAS",
                        "id": "VariableID:127:249"
                      }
                    ],
                    "strokes": [
                      {
                        "type": "VARIABLE_ALIAS",
                        "id": "VariableID:337:29811"
                      }
                    ]
                  },
                  "componentId": "137:230",
                  "overrides": [],
                  "children": [
                    {
                      "id": "I148:322;154:2553;154:1605;337:29652;137:220",
                      "name": "Icons",
                      "type": "INSTANCE",
                      "scrollBehavior": "SCROLLS",
                      "componentId": "143:581",
                      "componentProperties": {
                        "Property 1": {
                          "value": "Copy",
                          "type": "VARIANT",
                          "boundVariables": {}
                        }
                      },
                      "overrides": [],
                      "children": [
                        {
                          "id": "I148:322;154:2553;154:1605;337:29652;137:220;143:580",
                          "name": "Vector",
                          "type": "VECTOR",
                          "scrollBehavior": "SCROLLS",
                          "boundVariables": {
                            "fills": [
                              {
                                "type": "VARIABLE_ALIAS",
                                "id": "VariableID:127:231"
                              }
                            ]
                          },
                          "blendMode": "PASS_THROUGH",
                          "fills": [
                            {
                              "blendMode": "NORMAL",
                              "type": "SOLID",
                              "color": {
                                "r": 0.3333333432674408,
                                "g": 0.3333333432674408,
                                "b": 0.3333333432674408,
                                "a": 1
                              },
                              "boundVariables": {
                                "color": {
                                  "type": "VARIABLE_ALIAS",
                                  "id": "VariableID:127:231"
                                }
                              }
                            }
                          ],
                          "strokes": [],
                          "strokeWeight": 1,
                          "strokeAlign": "INSIDE",
                          "absoluteBoundingBox": {
                            "x": 7078.0908203125,
                            "y": 14938,
                            "width": 13.818181991577148,
                            "height": 16
                          },
                          "absoluteRenderBounds": null,
                          "preserveRatio": true,
                          "targetAspectRatio": {
                            "x": 19,
                            "y": 22
                          },
                          "constraints": {
                            "vertical": "SCALE",
                            "horizontal": "CENTER"
                          },
                          "effects": [],
                          "interactions": []
                        }
                      ],
                      "blendMode": "PASS_THROUGH",
                      "opacity": 0.5,
                      "clipsContent": true,
                      "background": [],
                      "fills": [],
                      "strokes": [],
                      "strokeWeight": 1,
                      "strokeAlign": "INSIDE",
                      "backgroundColor": {
                        "r": 0,
                        "g": 0,
                        "b": 0,
                        "a": 0
                      },
                      "absoluteBoundingBox": {
                        "x": 7073,
                        "y": 14934,
                        "width": 24,
                        "height": 24
                      },
                      "absoluteRenderBounds": null,
                      "preserveRatio": true,
                      "targetAspectRatio": {
                        "x": 24,
                        "y": 24
                      },
                      "constraints": {
                        "vertical": "SCALE",
                        "horizontal": "SCALE"
                      },
                      "effects": [],
                      "interactions": []
                    }
                  ],
                  "blendMode": "PASS_THROUGH",
                  "clipsContent": false,
                  "background": [
                    {
                      "blendMode": "NORMAL",
                      "type": "SOLID",
                      "color": {
                        "r": 1,
                        "g": 1,
                        "b": 1,
                        "a": 1
                      },
                      "boundVariables": {
                        "color": {
                          "type": "VARIABLE_ALIAS",
                          "id": "VariableID:127:249"
                        }
                      }
                    }
                  ],
                  "fills": [
                    {
                      "blendMode": "NORMAL",
                      "type": "SOLID",
                      "color": {
                        "r": 1,
                        "g": 1,
                        "b": 1,
                        "a": 1
                      },
                      "boundVariables": {
                        "color": {
                          "type": "VARIABLE_ALIAS",
                          "id": "VariableID:127:249"
                        }
                      }
                    }
                  ],
                  "strokes": [
                    {
                      "blendMode": "NORMAL",
                      "type": "SOLID",
                      "color": {
                        "r": 0.8901960849761963,
                        "g": 0.9098039269447327,
                        "b": 0.9372549057006836,
                        "a": 1
                      },
                      "boundVariables": {
                        "color": {
                          "type": "VARIABLE_ALIAS",
                          "id": "VariableID:337:29811"
                        }
                      }
                    }
                  ],
                  "cornerRadius": 4,
                  "cornerSmoothing": 0,
                  "strokeWeight": 1,
                  "strokeAlign": "INSIDE",
                  "backgroundColor": {
                    "r": 1,
                    "g": 1,
                    "b": 1,
                    "a": 1
                  },
                  "absoluteBoundingBox": {
                    "x": 7073,
                    "y": 14934,
                    "width": 24,
                    "height": 24
                  },
                  "absoluteRenderBounds": null,
                  "targetAspectRatio": {
                    "x": 20,
                    "y": 20
                  },
                  "constraints": {
                    "vertical": "TOP",
                    "horizontal": "RIGHT"
                  },
                  "layoutAlign": "INHERIT",
                  "layoutGrow": 0,
                  "layoutPositioning": "ABSOLUTE",
                  "layoutSizingHorizontal": "FIXED",
                  "layoutSizingVertical": "FIXED",
                  "effects": [],
                  "interactions": []
                }
              ],
              "blendMode": "PASS_THROUGH",
              "clipsContent": true,
              "background": [
                {
                  "blendMode": "NORMAL",
                  "type": "SOLID",
                  "color": {
                    "r": 0.9647058844566345,
                    "g": 0.9647058844566345,
                    "b": 0.9686274528503418,
                    "a": 1
                  }
                }
              ],
              "fills": [
                {
                  "blendMode": "NORMAL",
                  "type": "SOLID",
                  "color": {
                    "r": 0.9647058844566345,
                    "g": 0.9647058844566345,
                    "b": 0.9686274528503418,
                    "a": 1
                  }
                }
              ],
              "strokes": [
                {
                  "blendMode": "NORMAL",
                  "type": "SOLID",
                  "color": {
                    "r": 0.8901960849761963,
                    "g": 0.9098039269447327,
                    "b": 0.9372549057006836,
                    "a": 1
                  },
                  "boundVariables": {
                    "color": {
                      "type": "VARIABLE_ALIAS",
                      "id": "VariableID:337:29811"
                    }
                  }
                }
              ],
              "rectangleCornerRadii": [
                0,
                0,
                4,
                4
              ],
              "cornerSmoothing": 0,
              "strokeWeight": 1,
              "strokeAlign": "INSIDE",
              "backgroundColor": {
                "r": 0.9647058844566345,
                "g": 0.9647058844566345,
                "b": 0.9686274528503418,
                "a": 1
              },
              "overflowDirection": "VERTICAL_SCROLLING",
              "layoutMode": "HORIZONTAL",
              "counterAxisSizingMode": "FIXED",
              "itemSpacing": 8,
              "primaryAxisSizingMode": "FIXED",
              "paddingLeft": 8,
              "paddingRight": 8,
              "paddingTop": 8,
              "paddingBottom": 8,
              "layoutWrap": "NO_WRAP",
              "absoluteBoundingBox": {
                "x": 6865,
                "y": 14926,
                "width": 240,
                "height": 612
              },
              "absoluteRenderBounds": null,
              "constraints": {
                "vertical": "TOP",
                "horizontal": "LEFT"
              },
              "layoutAlign": "STRETCH",
              "layoutGrow": 1,
              "layoutSizingHorizontal": "FILL",
              "layoutSizingVertical": "FILL",
              "effects": [],
              "interactions": []
            }
          ],
          "blendMode": "PASS_THROUGH",
          "clipsContent": false,
          "background": [
            {
              "blendMode": "NORMAL",
              "type": "SOLID",
              "color": {
                "r": 1,
                "g": 1,
                "b": 1,
                "a": 1
              }
            }
          ],
          "fills": [
            {
              "blendMode": "NORMAL",
              "type": "SOLID",
              "color": {
                "r": 1,
                "g": 1,
                "b": 1,
                "a": 1
              }
            }
          ],
          "strokes": [],
          "strokeWeight": 1,
          "strokeAlign": "INSIDE",
          "backgroundColor": {
            "r": 1,
            "g": 1,
            "b": 1,
            "a": 1
          },
          "layoutMode": "VERTICAL",
          "counterAxisSizingMode": "FIXED",
          "itemSpacing": 8,
          "primaryAxisSizingMode": "FIXED",
          "layoutWrap": "NO_WRAP",
          "absoluteBoundingBox": {
            "x": 6865,
            "y": 14926,
            "width": 240,
            "height": 612
          },
          "absoluteRenderBounds": null,
          "constraints": {
            "vertical": "TOP",
            "horizontal": "LEFT"
          },
          "layoutAlign": "STRETCH",
          "layoutGrow": 1,
          "layoutSizingHorizontal": "FILL",
          "layoutSizingVertical": "FILL",
          "effects": [],
          "interactions": []
        }
      ],
      "blendMode": "PASS_THROUGH",
      "clipsContent": false,
      "background": [],
      "fills": [],
      "strokes": [],
      "strokeWeight": 1,
      "strokeAlign": "INSIDE",
      "backgroundColor": {
        "r": 0,
        "g": 0,
        "b": 0,
        "a": 0
      },
      "layoutMode": "VERTICAL",
      "counterAxisSizingMode": "FIXED",
      "primaryAxisSizingMode": "FIXED",
      "layoutWrap": "NO_WRAP",
      "absoluteBoundingBox": {
        "x": 6865,
        "y": 14890,
        "width": 240,
        "height": 648
      },
      "absoluteRenderBounds": null,
      "constraints": {
        "vertical": "TOP",
        "horizontal": "LEFT"
      },
      "layoutAlign": "STRETCH",
      "layoutGrow": 1,
      "layoutSizingHorizontal": "FILL",
      "layoutSizingVertical": "FILL",
      "effects": [],
      "interactions": []
    }
  ],
  "blendMode": "PASS_THROUGH",
  "clipsContent": false,
  "background": [],
  "fills": [],
  "strokes": [],
  "strokeWeight": 1,
  "strokeAlign": "INSIDE",
  "backgroundColor": {
    "r": 0,
    "g": 0,
    "b": 0,
    "a": 0
  },
  "layoutMode": "VERTICAL",
  "counterAxisSizingMode": "FIXED",
  "primaryAxisSizingMode": "FIXED",
  "paddingLeft": 16,
  "paddingRight": 16,
  "paddingTop": 16,
  "paddingBottom": 16,
  "layoutWrap": "NO_WRAP",
  "absoluteBoundingBox": {
    "x": 6849,
    "y": 14874,
    "width": 272,
    "height": 680
  },
  "absoluteRenderBounds": null,
  "constraints": {
    "vertical": "TOP",
    "horizontal": "LEFT"
  },
  "layoutAlign": "STRETCH",
  "layoutGrow": 1,
  "layoutSizingHorizontal": "FILL",
  "layoutSizingVertical": "FILL",
  "effects": [],
  "interactions": []
}