{
  "id": "I148:385;154:4830",
  "name": "Frame 49",
  "type": "FRAME",
  "scrollBehavior": "SCROLLS",
  "children": [
    {
      "id": "I148:385;128:305",
      "name": "Label",
      "type": "TEXT",
      "scrollBehavior": "SCROLLS",
      "blendMode": "PASS_THROUGH",
      "fills": [
        {
          "blendMode": "NORMAL",
          "type": "SOLID",
          "color": {
            "r": 0.32156863808631897,
            "g": 0.32156863808631897,
            "b": 0.32156863808631897,
            "a": 1
          }
        }
      ],
      "strokes": [],
      "strokeWeight": 1,
      "strokeAlign": "OUTSIDE",
      "absoluteBoundingBox": {
        "x": 1495,
        "y": 14950,
        "width": 264,
        "height": 20
      },
      "absoluteRenderBounds": {
        "x": 1496.23291015625,
        "y": 14954.3408203125,
        "width": 93.1241455078125,
        "height": 13.681640625
      },
      "constraints": {
        "vertical": "TOP",
        "horizontal": "LEFT"
      },
      "layoutAlign": "INHERIT",
      "layoutGrow": 1,
      "layoutSizingHorizontal": "FILL",
      "layoutSizingVertical": "HUG",
      "characters": "Figma full URL",
      "characterStyleOverrides": [],
      "styleOverrideTable": {},
      "lineTypes": [
        "NONE"
      ],
      "lineIndentations": [
        0
      ],
      "style": {
        "fontFamily": "Inter",
        "fontPostScriptName": null,
        "fontStyle": "Regular",
        "fontWeight": 400,
        "textAutoResize": "HEIGHT",
        "fontSize": 14,
        "textAlignHorizontal": "LEFT",
        "textAlignVertical": "CENTER",
        "letterSpacing": 0,
        "lineHeightPx": 20,
        "lineHeightPercent": 118.04158782958984,
        "lineHeightPercentFontSize": 142.85714721679688,
        "lineHeightUnit": "PIXELS"
      },
      "layoutVersion": 4,
      "effects": [],
      "interactions": []
    },
    {
      "id": "I148:385;141:3875",
      "name": "Action",
      "visible": false,
      "type": "INSTANCE",
      "scrollBehavior": "SCROLLS",
      "boundVariables": {
        "fills": [
          {
            "type": "VARIABLE_ALIAS",
            "id": "VariableID:127:249"
          }
        ]
      },
      "componentId": "137:230",
      "overrides": [
        {
          "id": "I148:385;141:3875",
          "overriddenFields": [
            "visible"
          ]
        },
        {
          "id": "I148:385;141:3875;137:220",
          "overriddenFields": [
            "opacity"
          ]
        }
      ],
      "children": [
        {
          "id": "I148:385;141:3875;137:220",
          "name": "Icons",
          "type": "INSTANCE",
          "scrollBehavior": "SCROLLS",
          "componentId": "143:581",
          "componentProperties": {
            "Property 1": {
              "value": "Copy",
              "type": "VARIANT",
              "boundVariables": {}
            }
          },
          "overrides": [
            {
              "id": "I148:385;141:3875;137:220",
              "overriddenFields": [
                "opacity"
              ]
            }
          ],
          "children": [
            {
              "id": "I148:385;141:3875;137:220;143:580",
              "name": "Vector",
              "type": "VECTOR",
              "scrollBehavior": "SCROLLS",
              "boundVariables": {
                "fills": [
                  {
                    "type": "VARIABLE_ALIAS",
                    "id": "VariableID:127:231"
                  }
                ]
              },
              "blendMode": "PASS_THROUGH",
              "fills": [
                {
                  "blendMode": "NORMAL",
                  "type": "SOLID",
                  "color": {
                    "r": 0.3333333432674408,
                    "g": 0.3333333432674408,
                    "b": 0.3333333432674408,
                    "a": 1
                  },
                  "boundVariables": {
                    "color": {
                      "type": "VARIABLE_ALIAS",
                      "id": "VariableID:127:231"
                    }
                  }
                }
              ],
              "strokes": [],
              "strokeWeight": 1,
              "strokeAlign": "INSIDE",
              "absoluteBoundingBox": {
                "x": 1692.0909423828125,
                "y": 14954,
                "width": 13.818181991577148,
                "height": 16
              },
              "absoluteRenderBounds": null,
              "preserveRatio": true,
              "targetAspectRatio": {
                "x": 19,
                "y": 22
              },
              "constraints": {
                "vertical": "SCALE",
                "horizontal": "CENTER"
              },
              "effects": [],
              "interactions": []
            }
          ],
          "blendMode": "PASS_THROUGH",
          "opacity": 0.5,
          "clipsContent": true,
          "background": [],
          "fills": [],
          "strokes": [],
          "strokeWeight": 1,
          "strokeAlign": "INSIDE",
          "backgroundColor": {
            "r": 0,
            "g": 0,
            "b": 0,
            "a": 0
          },
          "absoluteBoundingBox": {
            "x": 1687,
            "y": 14950,
            "width": 20,
            "height": 20
          },
          "absoluteRenderBounds": null,
          "preserveRatio": true,
          "targetAspectRatio": {
            "x": 24,
            "y": 24
          },
          "constraints": {
            "vertical": "SCALE",
            "horizontal": "SCALE"
          },
          "effects": [],
          "interactions": []
        }
      ],
      "blendMode": "PASS_THROUGH",
      "clipsContent": false,
      "background": [
        {
          "blendMode": "NORMAL",
          "type": "SOLID",
          "color": {
            "r": 1,
            "g": 1,
            "b": 1,
            "a": 1
          },
          "boundVariables": {
            "color": {
              "type": "VARIABLE_ALIAS",
              "id": "VariableID:127:249"
            }
          }
        }
      ],
      "fills": [
        {
          "blendMode": "NORMAL",
          "type": "SOLID",
          "color": {
            "r": 1,
            "g": 1,
            "b": 1,
            "a": 1
          },
          "boundVariables": {
            "color": {
              "type": "VARIABLE_ALIAS",
              "id": "VariableID:127:249"
            }
          }
        }
      ],
      "strokes": [],
      "cornerRadius": 4,
      "cornerSmoothing": 0,
      "strokeWeight": 1,
      "strokeAlign": "INSIDE",
      "backgroundColor": {
        "r": 1,
        "g": 1,
        "b": 1,
        "a": 1
      },
      "absoluteBoundingBox": {
        "x": 1687,
        "y": 14950,
        "width": 20,
        "height": 20
      },
      "absoluteRenderBounds": null,
      "targetAspectRatio": {
        "x": 20,
        "y": 20
      },
      "constraints": {
        "vertical": "TOP",
        "horizontal": "LEFT"
      },
      "layoutAlign": "INHERIT",
      "layoutGrow": 0,
      "layoutSizingHorizontal": "FIXED",
      "layoutSizingVertical": "FIXED",
      "effects": [],
      "interactions": []
    }
  ],
  "blendMode": "PASS_THROUGH",
  "clipsContent": false,
  "background": [],
  "fills": [],
  "strokes": [],
  "strokeWeight": 1,
  "strokeAlign": "INSIDE",
  "backgroundColor": {
    "r": 0,
    "g": 0,
    "b": 0,
    "a": 0
  },
  "layoutMode": "HORIZONTAL",
  "itemSpacing": 8,
  "primaryAxisSizingMode": "FIXED",
  "counterAxisAlignItems": "CENTER",
  "layoutWrap": "NO_WRAP",
  "absoluteBoundingBox": {
    "x": 1495,
    "y": 14950,
    "width": 264,
    "height": 20
  },
  "absoluteRenderBounds": {
    "x": 1495,
    "y": 14950,
    "width": 264,
    "height": 20
  },
  "constraints": {
    "vertical": "TOP",
    "horizontal": "LEFT"
  },
  "layoutAlign": "INHERIT",
  "layoutGrow": 1,
  "layoutSizingHorizontal": "FILL",
  "layoutSizingVertical": "HUG",
  "effects": [],
  "interactions": []
}